{
    "model": "MLP",
    "path": "C:\\Users\\milto\\OneDrive\\Desktop\\7 CICLO\\1 ING SOFTWARE\\WEBWO DE SANTONS\\ECOMMERCE\\ia\\models\\mlp.keras",
    "rmse": 52.95338318762669,
    "mae": 18.95164680480957,
    "mape": 263.3814697265625,
    "r2": 0.2858566641807556
}