{
    "mae": 12.359490394592285,
    "mse": 2027.0675048828125,
    "rmse": 45.02296641585062,
    "r2": -0.00012183189392089844,
    "mape": 340.6003723144531,
    "loss": 2027.066162109375,
    "val_loss": 2027.9630126953125,
    "training_time": 234.57049465179443,
    "epochs_run": 12
}