{
    "mae": 25.384002685546875,
    "mse": 4183.1865234375,
    "rmse": 64.67755811282225,
    "r2": 0.14351660013198853,
    "mape": 304.1287536621094,
    "loss": 4183.18701171875,
    "val_loss": 4258.283203125,
    "training_time": 104.74959468841553,
    "epochs_run": 19
}