{
    "mae": 24.532320022583008,
    "mse": 4195.70947265625,
    "rmse": 64.77429638873934,
    "r2": 0.14095258712768555,
    "mape": 260.09991455078125,
    "loss": 4195.708984375,
    "val_loss": 4286.7060546875,
    "training_time": 151.25338292121887,
    "epochs_run": 16
}