{
    "mae": 12.689194679260254,
    "mse": 2026.8209228515625,
    "rmse": 45.02022792980465,
    "r2": -2.384185791015625e-07,
    "mape": 356.9779968261719,
    "loss": 2026.8206787109375,
    "val_loss": 2026.825439453125,
    "training_time": 1285.1207778453827,
    "epochs_run": 33
}