{
    "mae": 12.342424392700195,
    "mse": 2027.0982666015625,
    "rmse": 45.02330803707745,
    "r2": -0.00013709068298339844,
    "mape": 339.7558288574219,
    "loss": 2027.1002197265625,
    "val_loss": 2027.9642333984375,
    "training_time": 359.2136375904083,
    "epochs_run": 11
}