{
    "mae": 12.674396514892578,
    "mse": 113417.4765625,
    "rmse": 336.77511274216806,
    "mape": 286.0715026855469,
    "r2": 0.0006584525108337402,
    "loss": 1959.98681640625,
    "val_loss": 1963.6197509765625,
    "training_time": 581.3014757633209,
    "epochs_run": 52
}