{
    "mae": 18.95164680480957,
    "mse": 2804.060791015625,
    "rmse": 52.95338318762669,
    "mape": 263.3814697265625,
    "r2": 0.2858566641807556,
    "loss": 4507.2421875,
    "val_loss": 4521.05224609375,
    "training_time": 177.76938033103943,
    "epochs_run": 46
}