model,rmse,rank
mlp,96.35037295480146,1
gru,97.23930172998202,2
cnn_lstm,97.2423971719346,3
lstm,97.24240986916723,4
cnn_gru,97.24241570176596,5
