model,rmse,rank
mlp,59.407431914594724,1
lstm,71.58034861921651,2
cnn_lstm,71.66123297558481,3
gru,71.81696019694007,4
cnn_gru,71.89271741585466,5
