{
    "mae": 25.571504592895508,
    "mse": 5707.89013671875,
    "rmse": 75.55057998929426,
    "r2": 0.13514548540115356,
    "mape": 296.0160827636719,
    "loss": 4035.2109375,
    "val_loss": 4035.2109375,
    "training_time": 1980.7652156352997,
    "epochs_run": 41,
    "validation_mae": 23.998685836791992,
    "validation_rmse": 63.523317876686036,
    "validation_mape": 251.5523223876953,
    "validation_r2": 0.1738135814666748
}