{
    "mae": 12.061236381530762,
    "mse": 2027.887939453125,
    "rmse": 45.0320767837008,
    "r2": -0.0005266666412353516,
    "mape": 323.4140625,
    "loss": 2027.886962890625,
    "val_loss": 2028.4862060546875,
    "training_time": 206.08139991760254,
    "epochs_run": 11
}