{
    "mae": 25.8656005859375,
    "mse": 4217.87939453125,
    "rmse": 64.94520301401212,
    "r2": 0.13641345500946045,
    "mape": 320.5418395996094,
    "loss": 4217.88134765625,
    "val_loss": 4326.74267578125,
    "training_time": 175.0278639793396,
    "epochs_run": 31
}