{
    "mae": 26.650819778442383,
    "mse": 4189.041015625,
    "rmse": 64.72280135798357,
    "r2": 0.14231795072555542,
    "mape": 343.9653015136719,
    "loss": 4189.0419921875,
    "val_loss": 4246.958984375,
    "training_time": 296.39385628700256,
    "epochs_run": 29
}