{
    "mae": 18.26752281188965,
    "mse": 4507.23681640625,
    "rmse": 67.13595770081969,
    "r2": 0.17674487829208374,
    "mape": 225.6857147216797,
    "loss": 4507.2421875,
    "val_loss": 4521.05224609375,
    "training_time": 177.76938033103943,
    "epochs_run": 46
}