{
    "mae": 11.387781143188477,
    "mse": 1959.987548828125,
    "rmse": 44.271746620481615,
    "r2": 0.03283804655075073,
    "mape": 283.0325622558594,
    "loss": 1959.98681640625,
    "val_loss": 1963.6197509765625,
    "training_time": 581.3014757633209,
    "epochs_run": 52
}