{
    "mae": 23.998685836791992,
    "mse": 4035.2119140625,
    "rmse": 63.523317876686036,
    "r2": 0.1738135814666748,
    "mape": 251.5523223876953,
    "loss": 4035.2109375,
    "val_loss": 4035.2109375,
    "training_time": 1980.7652156352997,
    "epochs_run": 41
}